{"lstm": 0.3333333333333333, "gru": 0.3333333333333333, "transformer": 0.3333333333333333}