{"lstm": 0.21726712584495544, "gru": 0.2823346257209778, "transformer": 0.0004918977501802146, "ensemble": 1.977278470993042}