{"lstm": 0.0, "gru": 0.6000000000000001, "transformer": 0.3999999999999999}